{"Application":{"name":"Party Engine","organization":"Code0100Food","max_fps":86},"Audio":{"master_volume":96,"fx_on_input":true},"Camera":{"camera_location":[5,2,5],"view_vector":[0,0,0],"camera_distance":17.200000762939453},"Renderer":{"vsync":false,"depth_test":true,"cull_face":false,"texture_2d":false,"lighting":true,"lighting_color":[0,0,0.5,0],"material_color":true,"material_ambient":[0,1,0.94999998807907104,0.099999994039535522],"material_diffuse":[1,1,0.89999997615814209,1],"dither":false,"fog":true,"fog_density":0.0080000003799796104,"fog_color":[0.34999999403953552,0.84999996423721313,1,0.89999997615814209],"custom_clear":true,"clear_color":[0.55000001192092896,0,0.44999998807907104,0.75],"clear_depth":1},"Window":{"brightness":1,"width":1280,"height":1024,"full_screen":false,"resizable":true,"borderless":false,"full_desktop":false}}