{"Application":{"name":"Party Engine","organization":"Code0100Food","max_fps":120},"Audio":{"master_volume":96,"fx_on_input":true},"Camera":{"camera_location":[5,2,5],"view_vector":[0,0,0],"camera_distance":12.5},"Renderer":{"vsync":false,"depth_test":false,"cull_face":false,"texture_2d":false,"wireframe":false,"lighting":false,"lighting_color":[0.14999999105930328,0,0.29999998211860657,0],"material_color":false,"material_ambient":[0,0.94999998807907104,0.44999998807907104,0.55000001192092896],"material_diffuse":[0.59999996423721313,0.55000001192092896,0.89999997615814209,0],"dither":false,"fog":false,"fog_density":0.027000000700354576,"fog_color":[1,1,1,0.89999997615814209],"custom_clear":false,"clear_color":[0,0,0,1],"clear_depth":0},"Window":{"brightness":1,"width":1280,"height":1024,"full_screen":false,"resizable":true,"borderless":false,"full_desktop":false}}