{"Application":{"name":"Party Engine","organization":"Code0100Food","max_fps":77},"Audio":{"master_volume":30,"fx_on_input":true},"Camera":{"camera_location":[-14.967805862426758,8.3016395568847656,4.4983911514282227],"view_vector":[0,0,0],"camera_distance":17.697116851806641,"camera_z_mov_vel":0.5,"rot_around_vel":0.69999998807907104,"strafe_vel":0.20000000298023224,"wasd_vel":0.40000000596046448},"Renderer":{"vsync":false,"depth_test":true,"cull_face":true,"texture_2d":true,"wireframe":false,"front_wireframe":false,"lighting":false,"lighting_color":[1,1,1,0.94999998807907104],"material_color":false,"material_ambient":[0,0,0,0],"material_diffuse":[0,0,0,0],"dither":false,"fog":false,"fog_density":0,"fog_color":[0,0,0,0.89999997615814209],"custom_clear":true,"clear_color":[0,0,0,0.69999998807907104],"clear_depth":2,"min_render_distance":0.099999994039535522,"max_render_distance":1283.0487060546875},"Window":{"brightness":1,"width":1280,"height":1024,"full_screen":false,"resizable":true,"borderless":false,"full_desktop":false,"win0":{"width":640,"height":480},"win1":{"width":720,"height":480},"win2":{"width":1280,"height":700},"win3":{"width":1280,"height":1024},"win4":{"width":1600,"height":1024},"win5":{"width":1920,"height":1080}},"Geometry Manager":{"show_grid":true,"show_meshes":true,"mesh_lines_width":0.10000000149011612,"primitive_lines_width":5.0999999046325684,"mesh_color":[1,1,1,1],"vertex_normals_color":[1,0,0,1],"face_normals_color":[1,0.51999998092651367,0,1],"bounding_box_color":[1,0.87999999523162842,0.59999996423721313,0.50999999046325684],"show_primitives":true,"primitive_color":[0.65999996662139893,1,1,0.37999999523162842],"grid_divisions":10,"grid_axis":true,"grid_color":[1,1,1,1]},"ImGui":{"light_theme":false,"dark_theme":true,"custom_theme":false,"custom_theme_data":{"colors":{"color0":[1,1,1,1],"color1":[1,0.54100000858306885,1,1],"color2":[0,0,0,1],"color3":[1,0.93200004100799561,1,1],"color4":[1,0.041000001132488251,1,1],"color5":[1,0.98600006103515625,0.17600001394748688,1],"color6":[1,0.54100000858306885,1,1],"color7":[0.20300000905990601,0.17600001394748688,0.20300000905990601,1],"color8":[1,0.25699999928474426,1,1],"color9":[1,0.39200001955032349,1,1],"color10":[0.41900002956390381,0.041000001132488251,0.33500000834465027,1],"color11":[0.47300001978874207,0.54100000858306885,1,1],"color12":[0,0.14600001275539398,1,1],"color13":[1,0.54100000858306885,0.24100001156330109,1],"color14":[0.41900002956390381,0.54100000858306885,1,1],"color15":[1,0.54100000858306885,1,1],"color16":[0,0,0,1],"color17":[1,0.54100000858306885,1,1],"color18":[1,0.54100000858306885,1,1],"color19":[0,0,0,1],"color20":[1,1,1,1],"color21":[0,0,0,1],"color22":[1,0.54100000858306885,0.42900002002716064,1],"color23":[1,0.54100000858306885,0.27800002694129944,1],"color24":[0.96700006723403931,0.54100000858306885,1,1],"color25":[1,0.60800004005432129,1,1],"color26":[0.40100002288818359,0.54100000858306885,0.39200001955032349,1],"color27":[1,0.76900005340576172,1,1],"color28":[1,0.54100000858306885,1,1],"color29":[1,0.090000003576278687,1,1],"color30":[1,0.54100000858306885,1,1],"color31":[1,0.54100000858306885,1,1],"color32":[1,0.54100000858306885,0.080000005662441254,1],"color33":[1,0.54100000858306885,1,1],"color34":[1,1,1,1],"color35":[0.78800004720687866,0.042000003159046173,1,1],"color36":[1,0,1,1],"color37":[1,0.54100000858306885,1,1],"color38":[1,0.25,0.31600001454353333,1],"color39":[1,0.54100000858306885,0.4100000262260437,1],"color40":[1,0.54100000858306885,1,1],"color41":[1,0.54100000858306885,0.36300000548362732,1],"color42":[0.74100005626678467,0.67500001192092896,1,1]}}},"InputManager":{"key0":{"id":"Right","event":"add_value","app_context":"pause_context"},"key1":{"id":"Left","event":"rest_value","app_context":"pause_context"},"key2":{"controller_id":"B","event":"escape","app_context":"pause_context"},"key3":{"id":"Escape","event":"escape","app_context":"pause_context"}},"Profiler":{"Application":15,"Console":2.7999999523162842,"FileSystem":10,"Audio":15,"Camera":3.1000001430511475,"Hardware":10,"ImGui":15,"Input":15,"InputManager":10,"Physics":15,"Renderer":10,"Window":3,"Scene":15}}